https://bitcointalk.org/index.php?topic=20333.0,780
https://bitcointalk.org/index.php?topic=4773040.0,7
https://bitcointalk.org/index.php?topic=1649348.0,1
https://bitcointalk.org/index.php?topic=3260192.0,724
https://bitcointalk.org/index.php?topic=5027488.0,39
https://bitcointalk.org/index.php?topic=3430143.0,332
https://bitcointalk.org/index.php?topic=5027565.0,5
https://bitcointalk.org/index.php?topic=5023942.0,83
https://bitcointalk.org/index.php?topic=5027515.0,22
https://bitcointalk.org/index.php?topic=4984069.0,497
https://bitcointalk.org/index.php?topic=5026707.0,22
https://bitcointalk.org/index.php?topic=5027577.0,3
https://bitcointalk.org/index.php?topic=5026136.0,48
https://bitcointalk.org/index.php?topic=4457232.0,818
https://bitcointalk.org/index.php?topic=2705411.0,1392
https://bitcointalk.org/index.php?topic=4761554.0,272
https://bitcointalk.org/index.php?topic=305952.0,817
https://bitcointalk.org/index.php?topic=4848051.0,56
https://bitcointalk.org/index.php?topic=4813066.0,471
https://bitcointalk.org/index.php?topic=5024336.0,4
https://bitcointalk.org/index.php?topic=4802472.0,481
https://bitcointalk.org/index.php?topic=3278220.0,108
https://bitcointalk.org/index.php?topic=4970142.0,73
https://bitcointalk.org/index.php?topic=4895287.0,514
https://bitcointalk.org/index.php?topic=4918198.0,173
https://bitcointalk.org/index.php?topic=4482225.0,1025
https://bitcointalk.org/index.php?topic=4959476.0,642
https://bitcointalk.org/index.php?topic=3443133.0,1183
https://bitcointalk.org/index.php?topic=4811387.0,52
https://bitcointalk.org/index.php?topic=3257999.0,729
https://bitcointalk.org/index.php?topic=5027384.0,49
https://bitcointalk.org/index.php?topic=1813940.0,223
https://bitcointalk.org/index.php?topic=4930554.0,205
https://bitcointalk.org/index.php?topic=4564931.0,410
https://bitcointalk.org/index.php?topic=5018627.0,140
https://bitcointalk.org/index.php?topic=5023683.0,151
https://bitcointalk.org/index.php?topic=4784504.0,481
https://bitcointalk.org/index.php?topic=4892272.0,852
https://bitcointalk.org/index.php?topic=5027097.0,45
https://bitcointalk.org/index.php?topic=5020213.0,251
https://bitcointalk.org/index.php?topic=5025537.0,183
https://bitcointalk.org/index.php?topic=4392508.0,535
https://bitcointalk.org/index.php?topic=5026061.0,92
https://bitcointalk.org/index.php?topic=5024872.0,84
https://bitcointalk.org/index.php?topic=3290927.0,536
https://bitcointalk.org/index.php?topic=4449908.0,174
https://bitcointalk.org/index.php?topic=4932273.0,244
https://bitcointalk.org/index.php?topic=74349.0,364
https://bitcointalk.org/index.php?topic=2851721.0,598
https://bitcointalk.org/index.php?topic=4415742.0,168
https://bitcointalk.org/index.php?topic=4555802.0,1019
https://bitcointalk.org/index.php?topic=5019836.0,152
https://bitcointalk.org/index.php?topic=5023830.0,8
https://bitcointalk.org/index.php?topic=628344.0,77
https://bitcointalk.org/index.php?topic=5026337.0,2
https://bitcointalk.org/index.php?topic=4656536.0,149
https://bitcointalk.org/index.php?topic=4312494.0,27
https://bitcointalk.org/index.php?topic=3450952.0,63
https://bitcointalk.org/index.php?topic=3145632.0,38
https://bitcointalk.org/index.php?topic=5010973.0,36
https://bitcointalk.org/index.php?topic=1944855.0,981
https://bitcointalk.org/index.php?topic=4983828.0,21
https://bitcointalk.org/index.php?topic=4868268.0,5
https://bitcointalk.org/index.php?topic=4706602.0,3
https://bitcointalk.org/index.php?topic=3142580.0,482
https://bitcointalk.org/index.php?topic=4742599.0,332
https://bitcointalk.org/index.php?topic=1728564.0,29
https://bitcointalk.org/index.php?topic=4949354.0,54
https://bitcointalk.org/index.php?topic=4512789.0,60
https://bitcointalk.org/index.php?topic=2629036.0,171
https://bitcointalk.org/index.php?topic=3039741.0,149
https://bitcointalk.org/index.php?topic=3403619.0,238
https://bitcointalk.org/index.php?topic=4983235.0,31
https://bitcointalk.org/index.php?topic=4622974.0,34
https://bitcointalk.org/index.php?topic=2418548.0,297
https://bitcointalk.org/index.php?topic=4968428.0,51
https://bitcointalk.org/index.php?topic=4970754.0,36
https://bitcointalk.org/index.php?topic=4969626.0,7
https://bitcointalk.org/index.php?topic=4963688.0,9
https://bitcointalk.org/index.php?topic=4981263.0,10
https://bitcointalk.org/index.php?topic=4976164.0,4
https://bitcointalk.org/index.php?topic=20207.0,417
https://bitcointalk.org/index.php?topic=4898195.0,130
https://bitcointalk.org/index.php?topic=32386.0,316
https://bitcointalk.org/index.php?topic=4750822.0,62
https://bitcointalk.org/index.php?topic=4898899.0,15
https://bitcointalk.org/index.php?topic=4910776.0,23
https://bitcointalk.org/index.php?topic=3044250.0,76
https://bitcointalk.org/index.php?topic=4024893.0,104
https://bitcointalk.org/index.php?topic=4900152.0,53
https://bitcointalk.org/index.php?topic=4898263.0,41
https://bitcointalk.org/index.php?topic=4772097.0,49
https://bitcointalk.org/index.php?topic=1291676.0,126
https://bitcointalk.org/index.php?topic=4871966.0,72
https://bitcointalk.org/index.php?topic=4852902.0,44
https://bitcointalk.org/index.php?topic=4925521.0,2
https://bitcointalk.org/index.php?topic=4894031.0,14
https://bitcointalk.org/index.php?topic=3562381.0,51
https://bitcointalk.org/index.php?topic=3279446.0,40
https://bitcointalk.org/index.php?topic=4556839.0,67
https://bitcointalk.org/index.php?topic=4713869.0,33
https://bitcointalk.org/index.php?topic=4897946.0,3
https://bitcointalk.org/index.php?topic=4605284.0,84
https://bitcointalk.org/index.php?topic=4823910.0,32
https://bitcointalk.org/index.php?topic=4813519.0,10
https://bitcointalk.org/index.php?topic=4722029.0,34
https://bitcointalk.org/index.php?topic=4746024.0,16
https://bitcointalk.org/index.php?topic=4464792.0,124
https://bitcointalk.org/index.php?topic=3404196.0,66
https://bitcointalk.org/index.php?topic=3300853.0,29
https://bitcointalk.org/index.php?topic=4818562.0,10
https://bitcointalk.org/index.php?topic=4831220.0,3
https://bitcointalk.org/index.php?topic=4545663.0,86
https://bitcointalk.org/index.php?topic=4815604.0,10
https://bitcointalk.org/index.php?topic=4812302.0,1
https://bitcointalk.org/index.php?topic=3245046.0,14
https://bitcointalk.org/index.php?topic=4650389.0,29
https://bitcointalk.org/index.php?topic=4800648.0,1
https://bitcointalk.org/index.php?topic=4618686.0,40
https://bitcointalk.org/index.php?topic=3109013.0,1598
https://bitcointalk.org/index.php?topic=8196.0,43
https://bitcointalk.org/index.php?topic=2838721.0,265
https://bitcointalk.org/index.php?topic=4753073.0,1
https://bitcointalk.org/index.php?topic=4613055.0,13
https://bitcointalk.org/index.php?topic=3167747.0,281
https://bitcointalk.org/index.php?topic=1303147.0,339
https://bitcointalk.org/index.php?topic=4556037.0,35
https://bitcointalk.org/index.php?topic=4592583.0,3
https://bitcointalk.org/index.php?topic=3325581.0,63
https://bitcointalk.org/index.php?topic=4686778.0,3
https://bitcointalk.org/index.php?topic=3078312.0,35
https://bitcointalk.org/index.php?topic=4673541.0,3
https://bitcointalk.org/index.php?topic=4431773.0,34
https://bitcointalk.org/index.php?topic=2814422.0,7
https://bitcointalk.org/index.php?topic=4438451.0,6
https://bitcointalk.org/index.php?topic=3179161.0,161
https://bitcointalk.org/index.php?topic=4416752.0,25
https://bitcointalk.org/index.php?topic=4450873.0,61
https://bitcointalk.org/index.php?topic=3767711.0,73
https://bitcointalk.org/index.php?topic=4607885.0,5
https://bitcointalk.org/index.php?topic=4481129.0,44
https://bitcointalk.org/index.php?topic=4600911.0,1
https://bitcointalk.org/index.php?topic=3660784.0,112
https://bitcointalk.org/index.php?topic=4342262.0,87
https://bitcointalk.org/index.php?topic=3359537.0,36
https://bitcointalk.org/index.php?topic=3851862.0,46
https://bitcointalk.org/index.php?topic=4451154.0,43
https://bitcointalk.org/index.php?topic=4541578.0,7
https://bitcointalk.org/index.php?topic=3541920.0,12
https://bitcointalk.org/index.php?topic=4502400.0,2
https://bitcointalk.org/index.php?topic=4495518.0,1
https://bitcointalk.org/index.php?topic=3063156.0,2
https://bitcointalk.org/index.php?topic=4480582.0,3
https://bitcointalk.org/index.php?topic=2303227.0,64
https://bitcointalk.org/index.php?topic=4470479.0,1
https://bitcointalk.org/index.php?topic=2216525.0,80
https://bitcointalk.org/index.php?topic=4460616.0,1
https://bitcointalk.org/index.php?topic=3259996.0,22
https://bitcointalk.org/index.php?topic=4406192.0,14
https://bitcointalk.org/index.php?topic=4431080.0,12
https://bitcointalk.org/index.php?topic=4434509.0,2
https://bitcointalk.org/index.php?topic=2219153.0,394
https://bitcointalk.org/index.php?topic=4417955.0,1
https://bitcointalk.org/index.php?topic=4394710.0,16
https://bitcointalk.org/index.php?topic=2113737.0,363
https://bitcointalk.org/index.php?topic=4322459.0,918
https://bitcointalk.org/index.php?topic=3878305.0,153
https://bitcointalk.org/index.php?topic=2312170.0,407
https://bitcointalk.org/index.php?topic=3982933.0,604
https://bitcointalk.org/index.php?topic=4311566.0,1
https://bitcointalk.org/index.php?topic=4184023.0,2
https://bitcointalk.org/index.php?topic=4178550.0,14
https://bitcointalk.org/index.php?topic=3941279.0,14
https://bitcointalk.org/index.php?topic=3939734.0,12
https://bitcointalk.org/index.php?topic=4018656.0,1
https://bitcointalk.org/index.php?topic=3790766.0,64
https://bitcointalk.org/index.php?topic=2653864.0,12
https://bitcointalk.org/index.php?topic=3916556.0,1
https://bitcointalk.org/index.php?topic=3818017.0,1
https://bitcointalk.org/index.php?topic=3754833.0,16
https://bitcointalk.org/index.php?topic=2857928.0,687
https://bitcointalk.org/index.php?topic=3611252.0,15
https://bitcointalk.org/index.php?topic=3716172.0,1
https://bitcointalk.org/index.php?topic=3482362.0,13
https://bitcointalk.org/index.php?topic=3647519.0,1
https://bitcointalk.org/index.php?topic=3069804.0,4
https://bitcointalk.org/index.php?topic=3211578.0,243
https://bitcointalk.org/index.php?topic=3481072.0,516
https://bitcointalk.org/index.php?topic=3493355.0,1
https://bitcointalk.org/index.php?topic=3470511.0,19
https://bitcointalk.org/index.php?topic=3037985.0,483
https://bitcointalk.org/index.php?topic=2992763.0,466
https://bitcointalk.org/index.php?topic=3344475.0,17
https://bitcointalk.org/index.php?topic=3421049.0,13
https://bitcointalk.org/index.php?topic=3403965.0,9
https://bitcointalk.org/index.php?topic=3054.0,11
https://bitcointalk.org/index.php?topic=3136720.0,37
https://bitcointalk.org/index.php?topic=3394325.0,2
https://bitcointalk.org/index.php?topic=3383100.0,2
https://bitcointalk.org/index.php?topic=1887237.0,280
https://bitcointalk.org/index.php?topic=3376919.0,1
https://bitcointalk.org/index.php?topic=3376356.0,3
https://bitcointalk.org/index.php?topic=18763.0,305
https://bitcointalk.org/index.php?topic=1632435.0,886
https://bitcointalk.org/index.php?topic=3364443.0,4
https://bitcointalk.org/index.php?topic=3293458.0,24
https://bitcointalk.org/index.php?topic=3358091.0,2
https://bitcointalk.org/index.php?topic=3344071.0,11
https://bitcointalk.org/index.php?topic=2009735.0,18
https://bitcointalk.org/index.php?topic=3342785.0,40
https://bitcointalk.org/index.php?topic=2185336.0,326
https://bitcointalk.org/index.php?topic=2862739.0,122
https://bitcointalk.org/index.php?topic=2383306.0,112
https://bitcointalk.org/index.php?topic=1672881.0,2618
https://bitcointalk.org/index.php?topic=2159819.0,1515
https://bitcointalk.org/index.php?topic=2356640.0,342
https://bitcointalk.org/index.php?topic=2774673.0,487
https://bitcointalk.org/index.php?topic=3275941.0,111
https://bitcointalk.org/index.php?topic=1962951.0,1398
https://bitcointalk.org/index.php?topic=2279693.0,1032
https://bitcointalk.org/index.php?topic=3205189.0,1478
https://bitcointalk.org/index.php?topic=2841778.0,1153
https://bitcointalk.org/index.php?topic=2770534.0,1788
https://bitcointalk.org/index.php?topic=1726836.0,1117
https://bitcointalk.org/index.php?topic=3325471.0,1
https://bitcointalk.org/index.php?topic=3324884.0,2
https://bitcointalk.org/index.php?topic=3220432.0,27
https://bitcointalk.org/index.php?topic=3248944.0,22
https://bitcointalk.org/index.php?topic=3304975.0,15
https://bitcointalk.org/index.php?topic=3311444.0,1
https://bitcointalk.org/index.php?topic=1746285.0,1734
https://bitcointalk.org/index.php?topic=2164912.0,1227
https://bitcointalk.org/index.php?topic=3272333.0,3
https://bitcointalk.org/index.php?topic=3299891.0,7
https://bitcointalk.org/index.php?topic=3295776.0,3
https://bitcointalk.org/index.php?topic=3292350.0,20
https://bitcointalk.org/index.php?topic=3289588.0,1
https://bitcointalk.org/index.php?topic=2899964.0,55
https://bitcointalk.org/index.php?topic=2817102.0,14
https://bitcointalk.org/index.php?topic=3283780.0,1
https://bitcointalk.org/index.php?topic=3277429.0,1
https://bitcointalk.org/index.php?topic=3068552.0,144
https://bitcointalk.org/index.php?topic=3255175.0,5
https://bitcointalk.org/index.php?topic=3269844.0,1
https://bitcointalk.org/index.php?topic=3263638.0,1
https://bitcointalk.org/index.php?topic=3263620.0,2
https://bitcointalk.org/index.php?topic=3247934.0,10
https://bitcointalk.org/index.php?topic=3258400.0,1
https://bitcointalk.org/index.php?topic=2534609.0,141
https://bitcointalk.org/index.php?topic=2949236.0,884
https://bitcointalk.org/index.php?topic=2653435.0,22
https://bitcointalk.org/index.php?topic=3247347.0,2
https://bitcointalk.org/index.php?topic=3241962.0,1
https://bitcointalk.org/index.php?topic=3241929.0,1
https://bitcointalk.org/index.php?topic=3185611.0,4
https://bitcointalk.org/index.php?topic=3220770.0,3
https://bitcointalk.org/index.php?topic=3230103.0,1
https://bitcointalk.org/index.php?topic=3230060.0,1
https://bitcointalk.org/index.php?topic=3226912.0,3
https://bitcointalk.org/index.php?topic=3221040.0,6
https://bitcointalk.org/index.php?topic=3045977.0,56
https://bitcointalk.org/index.php?topic=3222759.0,1
https://bitcointalk.org/index.php?topic=2027248.0,168
https://bitcointalk.org/index.php?topic=3052248.0,23
https://bitcointalk.org/index.php?topic=3212641.0,1
https://bitcointalk.org/index.php?topic=3212640.0,1
https://bitcointalk.org/index.php?topic=3207324.0,1
https://bitcointalk.org/index.php?topic=2867614.0,2
https://bitcointalk.org/index.php?topic=3168661.0,25
https://bitcointalk.org/index.php?topic=3201295.0,8
https://bitcointalk.org/index.php?topic=3198672.0,1
https://bitcointalk.org/index.php?topic=3191528.0,39
https://bitcointalk.org/index.php?topic=3193210.0,3
https://bitcointalk.org/index.php?topic=3180919.0,8
https://bitcointalk.org/index.php?topic=3172372.0,3
https://bitcointalk.org/index.php?topic=3173912.0,2
https://bitcointalk.org/index.php?topic=3178760.0,39
https://bitcointalk.org/index.php?topic=3180510.0,45
https://bitcointalk.org/index.php?topic=3111404.0,9
https://bitcointalk.org/index.php?topic=3180506.0,3
https://bitcointalk.org/index.php?topic=3178345.0,2
https://bitcointalk.org/index.php?topic=3178070.0,6
https://bitcointalk.org/index.php?topic=3151725.0,7
https://bitcointalk.org/index.php?topic=2908843.0,30
https://bitcointalk.org/index.php?topic=2847007.0,59
https://bitcointalk.org/index.php?topic=3171024.0,3
https://bitcointalk.org/index.php?topic=2792699.0,83
https://bitcointalk.org/index.php?topic=3168220.0,1
https://bitcointalk.org/index.php?topic=3164871.0,2
https://bitcointalk.org/index.php?topic=3164778.0,3
https://bitcointalk.org/index.php?topic=3143931.0,23
https://bitcointalk.org/index.php?topic=2819460.0,42
https://bitcointalk.org/index.php?topic=3116409.0,19
https://bitcointalk.org/index.php?topic=3155893.0,13
https://bitcointalk.org/index.php?topic=2809889.0,82
https://bitcointalk.org/index.php?topic=3048199.0,4
https://bitcointalk.org/index.php?topic=3150785.0,2
https://bitcointalk.org/index.php?topic=3150875.0,1
https://bitcointalk.org/index.php?topic=3134669.0,8
https://bitcointalk.org/index.php?topic=3143415.0,1
https://bitcointalk.org/index.php?topic=3138239.0,3
https://bitcointalk.org/index.php?topic=3012219.0,5
https://bitcointalk.org/index.php?topic=3131223.0,2
https://bitcointalk.org/index.php?topic=3131001.0,3
https://bitcointalk.org/index.php?topic=3066452.0,24
https://bitcointalk.org/index.php?topic=3126790.0,2
https://bitcointalk.org/index.php?topic=3069450.0,9
https://bitcointalk.org/index.php?topic=3122122.0,1
https://bitcointalk.org/index.php?topic=2341284.0,3
https://bitcointalk.org/index.php?topic=3117512.0,1
https://bitcointalk.org/index.php?topic=3088546.0,52
https://bitcointalk.org/index.php?topic=2915034.0,17
https://bitcointalk.org/index.php?topic=2847212.0,76
https://bitcointalk.org/index.php?topic=3108841.0,1
https://bitcointalk.org/index.php?topic=3104541.0,1
https://bitcointalk.org/index.php?topic=3102535.0,3
https://bitcointalk.org/index.php?topic=3097204.0,17
https://bitcointalk.org/index.php?topic=3097698.0,29
https://bitcointalk.org/index.php?topic=2590000.0,175
https://bitcointalk.org/index.php?topic=3074956.0,12
https://bitcointalk.org/index.php?topic=3063178.0,37
https://bitcointalk.org/index.php?topic=3078944.0,37
https://bitcointalk.org/index.php?topic=2889919.0,29
https://bitcointalk.org/index.php?topic=3087310.0,1
https://bitcointalk.org/index.php?topic=3082214.0,3
https://bitcointalk.org/index.php?topic=3081963.0,2
https://bitcointalk.org/index.php?topic=2812161.0,94
https://bitcointalk.org/index.php?topic=3077759.0,2
https://bitcointalk.org/index.php?topic=1985323.0,93
https://bitcointalk.org/index.php?topic=3073471.0,3
https://bitcointalk.org/index.php?topic=2985707.0,8
https://bitcointalk.org/index.php?topic=2969998.0,13
https://bitcointalk.org/index.php?topic=301309.0,762
https://bitcointalk.org/index.php?topic=2928792.0,75
https://bitcointalk.org/index.php?topic=3061351.0,1
https://bitcointalk.org/index.php?topic=3058949.0,3
https://bitcointalk.org/index.php?topic=3055779.0,4
https://bitcointalk.org/index.php?topic=2780878.0,5
https://bitcointalk.org/index.php?topic=3046339.0,4
https://bitcointalk.org/index.php?topic=3048085.0,4
https://bitcointalk.org/index.php?topic=3048113.0,8
https://bitcointalk.org/index.php?topic=3045778.0,2
https://bitcointalk.org/index.php?topic=3042168.0,3
https://bitcointalk.org/index.php?topic=3041743.0,4
https://bitcointalk.org/index.php?topic=3038187.0,1
https://bitcointalk.org/index.php?topic=2960218.0,7
https://bitcointalk.org/index.php?topic=3032959.0,1
https://bitcointalk.org/index.php?topic=2980221.0,25
https://bitcointalk.org/index.php?topic=3027928.0,1
https://bitcointalk.org/index.php?topic=3027310.0,4
https://bitcointalk.org/index.php?topic=3015987.0,8
https://bitcointalk.org/index.php?topic=3021713.0,1
https://bitcointalk.org/index.php?topic=3015609.0,2
https://bitcointalk.org/index.php?topic=3015627.0,1
https://bitcointalk.org/index.php?topic=2965063.0,36
https://bitcointalk.org/index.php?topic=3010808.0,4
https://bitcointalk.org/index.php?topic=2360069.0,1027
https://bitcointalk.org/index.php?topic=2924726.0,2
https://bitcointalk.org/index.php?topic=3000704.0,2
https://bitcointalk.org/index.php?topic=2850192.0,9
https://bitcointalk.org/index.php?topic=2995742.0,1
https://bitcointalk.org/index.php?topic=2989626.0,3
https://bitcointalk.org/index.php?topic=2991046.0,1
https://bitcointalk.org/index.php?topic=2990815.0,6
https://bitcointalk.org/index.php?topic=2985120.0,3
https://bitcointalk.org/index.php?topic=2987669.0,3
https://bitcointalk.org/index.php?topic=2322.0,33
https://bitcointalk.org/index.php?topic=2984577.0,1
https://bitcointalk.org/index.php?topic=2979736.0,1
https://bitcointalk.org/index.php?topic=2978609.0,2
https://bitcointalk.org/index.php?topic=2975524.0,1
https://bitcointalk.org/index.php?topic=1828474.0,122
https://bitcointalk.org/index.php?topic=2968397.0,10
https://bitcointalk.org/index.php?topic=27245.0,49
https://bitcointalk.org/index.php?topic=2868815.0,21
https://bitcointalk.org/index.php?topic=2964469.0,1
https://bitcointalk.org/index.php?topic=2960290.0,1
https://bitcointalk.org/index.php?topic=2777445.0,202
https://bitcointalk.org/index.php?topic=2955375.0,2
https://bitcointalk.org/index.php?topic=2938681.0,44
https://bitcointalk.org/index.php?topic=2947042.0,17
https://bitcointalk.org/index.php?topic=2943643.0,25
https://bitcointalk.org/index.php?topic=2746817.0,93
https://bitcointalk.org/index.php?topic=2542044.0,153
https://bitcointalk.org/index.php?topic=2939820.0,2
https://bitcointalk.org/index.php?topic=2937978.0,3
https://bitcointalk.org/index.php?topic=2934901.0,2
https://bitcointalk.org/index.php?topic=2934773.0,2
https://bitcointalk.org/index.php?topic=2515570.0,35
https://bitcointalk.org/index.php?topic=2932071.0,1
https://bitcointalk.org/index.php?topic=2204833.0,13
https://bitcointalk.org/index.php?topic=2825533.0,25
https://bitcointalk.org/index.php?topic=2916335.0,2
https://bitcointalk.org/index.php?topic=2916049.0,5
https://bitcointalk.org/index.php?topic=2904090.0,25
https://bitcointalk.org/index.php?topic=2911237.0,1
https://bitcointalk.org/index.php?topic=2906993.0,3
https://bitcointalk.org/index.php?topic=2907082.0,1
https://bitcointalk.org/index.php?topic=2901203.0,3
https://bitcointalk.org/index.php?topic=2895386.0,3
https://bitcointalk.org/index.php?topic=2885068.0,22
https://bitcointalk.org/index.php?topic=1587805.0,36
https://bitcointalk.org/index.php?topic=2830747.0,40
https://bitcointalk.org/index.php?topic=2277725.0,19
https://bitcointalk.org/index.php?topic=2892995.0,1
https://bitcointalk.org/index.php?topic=2602885.0,2
https://bitcointalk.org/index.php?topic=2890726.0,3
https://bitcointalk.org/index.php?topic=2890165.0,5
https://bitcointalk.org/index.php?topic=2329362.0,127
https://bitcointalk.org/index.php?topic=2888909.0,2
https://bitcointalk.org/index.php?topic=2862388.0,24
https://bitcointalk.org/index.php?topic=2865921.0,10
https://bitcointalk.org/index.php?topic=2880359.0,4
https://bitcointalk.org/index.php?topic=2736517.0,106
https://bitcointalk.org/index.php?topic=2879647.0,1
https://bitcointalk.org/index.php?topic=2879591.0,1
https://bitcointalk.org/index.php?topic=2877374.0,2
https://bitcointalk.org/index.php?topic=2877397.0,1
https://bitcointalk.org/index.php?topic=2870604.0,2
https://bitcointalk.org/index.php?topic=2874302.0,1
https://bitcointalk.org/index.php?topic=2870793.0,15
https://bitcointalk.org/index.php?topic=2866679.0,12
https://bitcointalk.org/index.php?topic=504127.0,13
https://bitcointalk.org/index.php?topic=2868661.0,1
https://bitcointalk.org/index.php?topic=2866643.0,1
https://bitcointalk.org/index.php?topic=2866528.0,1
https://bitcointalk.org/index.php?topic=2864750.0,1
https://bitcointalk.org/index.php?topic=2839136.0,40
https://bitcointalk.org/index.php?topic=2287236.0,13
https://bitcointalk.org/index.php?topic=2861843.0,1
https://bitcointalk.org/index.php?topic=2856934.0,4
https://bitcointalk.org/index.php?topic=2855309.0,3
https://bitcointalk.org/index.php?topic=2853871.0,2
https://bitcointalk.org/index.php?topic=2853881.0,1
https://bitcointalk.org/index.php?topic=2850607.0,1
https://bitcointalk.org/index.php?topic=2828560.0,34
https://bitcointalk.org/index.php?topic=2844551.0,3
https://bitcointalk.org/index.php?topic=2276033.0,63
https://bitcointalk.org/index.php?topic=2843294.0,3
https://bitcointalk.org/index.php?topic=2843403.0,3
https://bitcointalk.org/index.php?topic=2835486.0,10
https://bitcointalk.org/index.php?topic=2839020.0,1
https://bitcointalk.org/index.php?topic=2836738.0,1
https://bitcointalk.org/index.php?topic=2836725.0,1
https://bitcointalk.org/index.php?topic=2183386.0,402
https://bitcointalk.org/index.php?topic=2833185.0,2
https://bitcointalk.org/index.php?topic=2415678.0,181
https://bitcointalk.org/index.php?topic=2816593.0,16
https://bitcointalk.org/index.php?topic=2828513.0,7
https://bitcointalk.org/index.php?topic=2811804.0,2
https://bitcointalk.org/index.php?topic=2826120.0,1
https://bitcointalk.org/index.php?topic=2742596.0,20
https://bitcointalk.org/index.php?topic=2822709.0,18
https://bitcointalk.org/index.php?topic=2560787.0,276
https://bitcointalk.org/index.php?topic=2821967.0,2
https://bitcointalk.org/index.php?topic=2821776.0,4
https://bitcointalk.org/index.php?topic=2816950.0,4
https://bitcointalk.org/index.php?topic=2817191.0,1
https://bitcointalk.org/index.php?topic=2815220.0,1
https://bitcointalk.org/index.php?topic=2815206.0,1
https://bitcointalk.org/index.php?topic=2810877.0,1
https://bitcointalk.org/index.php?topic=2614636.0,7
https://bitcointalk.org/index.php?topic=2807266.0,1
https://bitcointalk.org/index.php?topic=2727655.0,64
https://bitcointalk.org/index.php?topic=2802303.0,1
https://bitcointalk.org/index.php?topic=2799078.0,9
https://bitcointalk.org/index.php?topic=2797211.0,1
https://bitcointalk.org/index.php?topic=2796991.0,4
https://bitcointalk.org/index.php?topic=2791372.0,1
https://bitcointalk.org/index.php?topic=2790912.0,18
https://bitcointalk.org/index.php?topic=2080418.0,128
https://bitcointalk.org/index.php?topic=2778030.0,15
https://bitcointalk.org/index.php?topic=2779825.0,2
https://bitcointalk.org/index.php?topic=2780105.0,3
https://bitcointalk.org/index.php?topic=2773685.0,7
https://bitcointalk.org/index.php?topic=2776947.0,4
https://bitcointalk.org/index.php?topic=2774251.0,1
https://bitcointalk.org/index.php?topic=2478034.0,57
https://bitcointalk.org/index.php?topic=2772088.0,12
https://bitcointalk.org/index.php?topic=2764127.0,22
https://bitcointalk.org/index.php?topic=2770674.0,12
https://bitcointalk.org/index.php?topic=1964594.0,86
https://bitcointalk.org/index.php?topic=2768462.0,8
https://bitcointalk.org/index.php?topic=2768842.0,1
https://bitcointalk.org/index.php?topic=2766453.0,2
https://bitcointalk.org/index.php?topic=2525131.0,95
https://bitcointalk.org/index.php?topic=2317476.0,61
https://bitcointalk.org/index.php?topic=2759406.0,14
https://bitcointalk.org/index.php?topic=2447313.0,46
https://bitcointalk.org/index.php?topic=2758781.0,1
https://bitcointalk.org/index.php?topic=2756383.0,1
https://bitcointalk.org/index.php?topic=2754489.0,2
https://bitcointalk.org/index.php?topic=2751775.0,1
https://bitcointalk.org/index.php?topic=2750098.0,9
https://bitcointalk.org/index.php?topic=440.0,12
https://bitcointalk.org/index.php?topic=2740953.0,3
https://bitcointalk.org/index.php?topic=2530605.0,31
https://bitcointalk.org/index.php?topic=2738226.0,1
https://bitcointalk.org/index.php?topic=2734252.0,1
https://bitcointalk.org/index.php?topic=2734003.0,1
https://bitcointalk.org/index.php?topic=2571199.0,44
https://bitcointalk.org/index.php?topic=2728599.0,9
https://bitcointalk.org/index.php?topic=2721585.0,13
https://bitcointalk.org/index.php?topic=2725727.0,4
https://bitcointalk.org/index.php?topic=2723116.0,1
https://bitcointalk.org/index.php?topic=2723074.0,4
https://bitcointalk.org/index.php?topic=2716317.0,25
https://bitcointalk.org/index.php?topic=2717336.0,8
https://bitcointalk.org/index.php?topic=2709912.0,9
https://bitcointalk.org/index.php?topic=2702338.0,4
https://bitcointalk.org/index.php?topic=2707254.0,33
https://bitcointalk.org/index.php?topic=2711525.0,1
https://bitcointalk.org/index.php?topic=1913603.0,35
https://bitcointalk.org/index.php?topic=2440258.0,9
https://bitcointalk.org/index.php?topic=2702632.0,4
https://bitcointalk.org/index.php?topic=2569116.0,11
https://bitcointalk.org/index.php?topic=2699622.0,11
https://bitcointalk.org/index.php?topic=2700548.0,5
https://bitcointalk.org/index.php?topic=2689588.0,4
https://bitcointalk.org/index.php?topic=2698372.0,1
https://bitcointalk.org/index.php?topic=2695638.0,1
https://bitcointalk.org/index.php?topic=2679613.0,60
https://bitcointalk.org/index.php?topic=2688045.0,26
https://bitcointalk.org/index.php?topic=2689062.0,4
https://bitcointalk.org/index.php?topic=2688769.0,1
https://bitcointalk.org/index.php?topic=2688717.0,1
https://bitcointalk.org/index.php?topic=2686417.0,3
https://bitcointalk.org/index.php?topic=2685645.0,8
https://bitcointalk.org/index.php?topic=2682654.0,1
https://bitcointalk.org/index.php?topic=2660925.0,53
https://bitcointalk.org/index.php?topic=2678447.0,1
https://bitcointalk.org/index.php?topic=2678366.0,2
https://bitcointalk.org/index.php?topic=2666164.0,14
https://bitcointalk.org/index.php?topic=2673585.0,1
https://bitcointalk.org/index.php?topic=2659661.0,4
https://bitcointalk.org/index.php?topic=2669963.0,4
https://bitcointalk.org/index.php?topic=2667650.0,3
https://bitcointalk.org/index.php?topic=2657288.0,10
https://bitcointalk.org/index.php?topic=2659649.0,5
https://bitcointalk.org/index.php?topic=2630024.0,14
https://bitcointalk.org/index.php?topic=2659623.0,5
https://bitcointalk.org/index.php?topic=2659735.0,4
https://bitcointalk.org/index.php?topic=2656702.0,4
https://bitcointalk.org/index.php?topic=2615263.0,32
https://bitcointalk.org/index.php?topic=2626087.0,26
https://bitcointalk.org/index.php?topic=2649229.0,22
https://bitcointalk.org/index.php?topic=2652631.0,1
https://bitcointalk.org/index.php?topic=2652589.0,1
https://bitcointalk.org/index.php?topic=2649556.0,3
https://bitcointalk.org/index.php?topic=3961.0,5
https://bitcointalk.org/index.php?topic=21127.0,247
https://bitcointalk.org/index.php?topic=2647604.0,1
https://bitcointalk.org/index.php?topic=2619430.0,5
https://bitcointalk.org/index.php?topic=2644777.0,1
https://bitcointalk.org/index.php?topic=2624883.0,114
https://bitcointalk.org/index.php?topic=2638515.0,3
https://bitcointalk.org/index.php?topic=2637095.0,16
https://bitcointalk.org/index.php?topic=2638456.0,3
https://bitcointalk.org/index.php?topic=2632104.0,2
https://bitcointalk.org/index.php?topic=2408973.0,2
https://bitcointalk.org/index.php?topic=2629211.0,24
https://bitcointalk.org/index.php?topic=2632991.0,5
https://bitcointalk.org/index.php?topic=2630309.0,1
https://bitcointalk.org/index.php?topic=2630102.0,2
https://bitcointalk.org/index.php?topic=2241141.0,15
https://bitcointalk.org/index.php?topic=2624800.0,11
https://bitcointalk.org/index.php?topic=2584752.0,30
https://bitcointalk.org/index.php?topic=2621284.0,5
https://bitcointalk.org/index.php?topic=2509041.0,30
https://bitcointalk.org/index.php?topic=2619412.0,7
https://bitcointalk.org/index.php?topic=2025791.0,52
https://bitcointalk.org/index.php?topic=2617445.0,5
https://bitcointalk.org/index.php?topic=2614957.0,1
https://bitcointalk.org/index.php?topic=2167591.0,24
https://bitcointalk.org/index.php?topic=2610332.0,5
https://bitcointalk.org/index.php?topic=2610875.0,5
https://bitcointalk.org/index.php?topic=2605436.0,3
https://bitcointalk.org/index.php?topic=2534778.0,19
https://bitcointalk.org/index.php?topic=2561170.0,17
https://bitcointalk.org/index.php?topic=2590853.0,6
https://bitcointalk.org/index.php?topic=2148434.0,5
https://bitcointalk.org/index.php?topic=2602238.0,3
https://bitcointalk.org/index.php?topic=2597349.0,8
https://bitcointalk.org/index.php?topic=2593516.0,8
https://bitcointalk.org/index.php?topic=2591154.0,6
https://bitcointalk.org/index.php?topic=2592381.0,1
https://bitcointalk.org/index.php?topic=2589153.0,4
https://bitcointalk.org/index.php?topic=2589700.0,2
https://bitcointalk.org/index.php?topic=2581510.0,4
https://bitcointalk.org/index.php?topic=2584652.0,3
https://bitcointalk.org/index.php?topic=2581366.0,1
https://bitcointalk.org/index.php?topic=2577155.0,8
https://bitcointalk.org/index.php?topic=2572073.0,4
https://bitcointalk.org/index.php?topic=2576882.0,1
https://bitcointalk.org/index.php?topic=2571498.0,6
https://bitcointalk.org/index.php?topic=2571883.0,1
https://bitcointalk.org/index.php?topic=2567950.0,1
https://bitcointalk.org/index.php?topic=2506643.0,9
https://bitcointalk.org/index.php?topic=2561404.0,1
https://bitcointalk.org/index.php?topic=2560643.0,10
https://bitcointalk.org/index.php?topic=2558376.0,1
https://bitcointalk.org/index.php?topic=2558308.0,1
https://bitcointalk.org/index.php?topic=2474195.0,7
https://bitcointalk.org/index.php?topic=2411028.0,2
https://bitcointalk.org/index.php?topic=2552380.0,1
https://bitcointalk.org/index.php?topic=2552337.0,1
https://bitcointalk.org/index.php?topic=2543424.0,8
https://bitcointalk.org/index.php?topic=2543729.0,4
https://bitcointalk.org/index.php?topic=2539384.0,16
https://bitcointalk.org/index.php?topic=2546798.0,1
https://bitcointalk.org/index.php?topic=2543662.0,1
https://bitcointalk.org/index.php?topic=2541462.0,21
https://bitcointalk.org/index.php?topic=2541296.0,1
https://bitcointalk.org/index.php?topic=2541295.0,1
https://bitcointalk.org/index.php?topic=2538213.0,1
https://bitcointalk.org/index.php?topic=2537482.0,33
https://bitcointalk.org/index.php?topic=2527938.0,29
https://bitcointalk.org/index.php?topic=2535028.0,3
https://bitcointalk.org/index.php?topic=2469808.0,64
https://bitcointalk.org/index.php?topic=2527233.0,1
https://bitcointalk.org/index.php?topic=2525047.0,1
https://bitcointalk.org/index.php?topic=2519250.0,3
https://bitcointalk.org/index.php?topic=2519417.0,1
https://bitcointalk.org/index.php?topic=2496228.0,15
https://bitcointalk.org/index.php?topic=2515066.0,9
https://bitcointalk.org/index.php?topic=2515671.0,2
https://bitcointalk.org/index.php?topic=2510311.0,3
https://bitcointalk.org/index.php?topic=2510286.0,1
https://bitcointalk.org/index.php?topic=2505192.0,13
https://bitcointalk.org/index.php?topic=25574.0,8
https://bitcointalk.org/index.php?topic=2493814.0,49
https://bitcointalk.org/index.php?topic=2480424.0,51
https://bitcointalk.org/index.php?topic=2495856.0,2
https://bitcointalk.org/index.php?topic=2495865.0,1
https://bitcointalk.org/index.php?topic=2423134.0,46
https://bitcointalk.org/index.php?topic=2452875.0,9
https://bitcointalk.org/index.php?topic=2490621.0,1
https://bitcointalk.org/index.php?topic=2489491.0,2
https://bitcointalk.org/index.php?topic=2487375.0,4
https://bitcointalk.org/index.php?topic=2487555.0,1
https://bitcointalk.org/index.php?topic=2473089.0,22
https://bitcointalk.org/index.php?topic=2364357.0,157
https://bitcointalk.org/index.php?topic=2479394.0,21
https://bitcointalk.org/index.php?topic=2478683.0,2
https://bitcointalk.org/index.php?topic=2474823.0,1
https://bitcointalk.org/index.php?topic=2436370.0,78
https://bitcointalk.org/index.php?topic=2470081.0,1
https://bitcointalk.org/index.php?topic=2469935.0,3
https://bitcointalk.org/index.php?topic=2464942.0,1
https://bitcointalk.org/index.php?topic=2464810.0,1
https://bitcointalk.org/index.php?topic=2394620.0,69
https://bitcointalk.org/index.php?topic=2456155.0,5
https://bitcointalk.org/index.php?topic=2453429.0,2
https://bitcointalk.org/index.php?topic=2099881.0,73
https://bitcointalk.org/index.php?topic=2450974.0,1
https://bitcointalk.org/index.php?topic=2450714.0,6
https://bitcointalk.org/index.php?topic=2442214.0,13
https://bitcointalk.org/index.php?topic=2446442.0,2
https://bitcointalk.org/index.php?topic=2441538.0,1
https://bitcointalk.org/index.php?topic=2435465.0,14
https://bitcointalk.org/index.php?topic=1777216.0,16
https://bitcointalk.org/index.php?topic=2338475.0,14
https://bitcointalk.org/index.php?topic=2432673.0,6
https://bitcointalk.org/index.php?topic=2291348.0,31
https://bitcointalk.org/index.php?topic=2430098.0,16
https://bitcointalk.org/index.php?topic=2406420.0,9
https://bitcointalk.org/index.php?topic=1900888.0,3
https://bitcointalk.org/index.php?topic=1994542.0,9
https://bitcointalk.org/index.php?topic=2419443.0,24
https://bitcointalk.org/index.php?topic=2420640.0,4
https://bitcointalk.org/index.php?topic=2384344.0,10
https://bitcointalk.org/index.php?topic=2418043.0,3
https://bitcointalk.org/index.php?topic=2414543.0,4
https://bitcointalk.org/index.php?topic=2209163.0,205
https://bitcointalk.org/index.php?topic=2411780.0,1
https://bitcointalk.org/index.php?topic=2410814.0,4
https://bitcointalk.org/index.php?topic=2408499.0,1
https://bitcointalk.org/index.php?topic=2408076.0,3
https://bitcointalk.org/index.php?topic=2405631.0,2
https://bitcointalk.org/index.php?topic=2405626.0,2
https://bitcointalk.org/index.php?topic=2402028.0,1
https://bitcointalk.org/index.php?topic=2330118.0,24
https://bitcointalk.org/index.php?topic=2400635.0,3
https://bitcointalk.org/index.php?topic=2397678.0,41
https://bitcointalk.org/index.php?topic=2398238.0,1
https://bitcointalk.org/index.php?topic=2398166.0,5
https://bitcointalk.org/index.php?topic=2396579.0,3
https://bitcointalk.org/index.php?topic=2381001.0,17
https://bitcointalk.org/index.php?topic=2356817.0,81
https://bitcointalk.org/index.php?topic=2363153.0,10
https://bitcointalk.org/index.php?topic=2392111.0,3
https://bitcointalk.org/index.php?topic=2392760.0,1
https://bitcointalk.org/index.php?topic=2389006.0,4
https://bitcointalk.org/index.php?topic=2384642.0,17
https://bitcointalk.org/index.php?topic=2387955.0,1
https://bitcointalk.org/index.php?topic=2387618.0,1
https://bitcointalk.org/index.php?topic=2384107.0,18
https://bitcointalk.org/index.php?topic=2377071.0,10
https://bitcointalk.org/index.php?topic=2381206.0,15
https://bitcointalk.org/index.php?topic=2377943.0,4
https://bitcointalk.org/index.php?topic=2379603.0,2
https://bitcointalk.org/index.php?topic=2379596.0,1
https://bitcointalk.org/index.php?topic=2376489.0,2
https://bitcointalk.org/index.php?topic=2376742.0,1
https://bitcointalk.org/index.php?topic=2375017.0,1
https://bitcointalk.org/index.php?topic=2374684.0,5
https://bitcointalk.org/index.php?topic=2371790.0,4
https://bitcointalk.org/index.php?topic=2371379.0,5
https://bitcointalk.org/index.php?topic=2356270.0,37
https://bitcointalk.org/index.php?topic=2365727.0,1
https://bitcointalk.org/index.php?topic=2275214.0,7
https://bitcointalk.org/index.php?topic=2360923.0,6
https://bitcointalk.org/index.php?topic=2357421.0,3
https://bitcointalk.org/index.php?topic=2233827.0,22
https://bitcointalk.org/index.php?topic=2352301.0,13
https://bitcointalk.org/index.php?topic=2353447.0,1
https://bitcointalk.org/index.php?topic=2349279.0,6
https://bitcointalk.org/index.php?topic=2349283.0,2
https://bitcointalk.org/index.php?topic=2346586.0,1
https://bitcointalk.org/index.php?topic=2344590.0,4
https://bitcointalk.org/index.php?topic=2302524.0,6
https://bitcointalk.org/index.php?topic=2220341.0,4
https://bitcointalk.org/index.php?topic=2338949.0,1
https://bitcointalk.org/index.php?topic=1156584.0,48
https://bitcointalk.org/index.php?topic=2336156.0,2
https://bitcointalk.org/index.php?topic=2298548.0,26
https://bitcointalk.org/index.php?topic=2247741.0,5
https://bitcointalk.org/index.php?topic=2279541.0,17
https://bitcointalk.org/index.php?topic=2302178.0,6
https://bitcointalk.org/index.php?topic=2332147.0,6
https://bitcointalk.org/index.php?topic=2331234.0,1
https://bitcointalk.org/index.php?topic=2188832.0,67
https://bitcointalk.org/index.php?topic=2328011.0,8
https://bitcointalk.org/index.php?topic=2327656.0,3
https://bitcointalk.org/index.php?topic=2320905.0,3
https://bitcointalk.org/index.php?topic=2320352.0,16
https://bitcointalk.org/index.php?topic=2247760.0,65
https://bitcointalk.org/index.php?topic=2321268.0,6
https://bitcointalk.org/index.php?topic=2186527.0,4
https://bitcointalk.org/index.php?topic=2179199.0,13
https://bitcointalk.org/index.php?topic=2315995.0,1
https://bitcointalk.org/index.php?topic=2191489.0,9
https://bitcointalk.org/index.php?topic=2256605.0,64
https://bitcointalk.org/index.php?topic=2309544.0,7
https://bitcointalk.org/index.php?topic=2281437.0,72
https://bitcointalk.org/index.php?topic=2309584.0,14
https://bitcointalk.org/index.php?topic=2291037.0,10
https://bitcointalk.org/index.php?topic=2207760.0,12
https://bitcointalk.org/index.php?topic=2288652.0,79
https://bitcointalk.org/index.php?topic=2214440.0,4
https://bitcointalk.org/index.php?topic=2221551.0,3
https://bitcointalk.org/index.php?topic=2211377.0,3
https://bitcointalk.org/index.php?topic=2273725.0,39
https://bitcointalk.org/index.php?topic=2298587.0,1
https://bitcointalk.org/index.php?topic=2292009.0,1
https://bitcointalk.org/index.php?topic=2291863.0,5
https://bitcointalk.org/index.php?topic=2286765.0,1
https://bitcointalk.org/index.php?topic=2270276.0,9
https://bitcointalk.org/index.php?topic=2279114.0,9
https://bitcointalk.org/index.php?topic=2280350.0,2
https://bitcointalk.org/index.php?topic=2261780.0,19
https://bitcointalk.org/index.php?topic=2267171.0,22
https://bitcointalk.org/index.php?topic=2270723.0,13
https://bitcointalk.org/index.php?topic=2270364.0,5
https://bitcointalk.org/index.php?topic=2264443.0,21
https://bitcointalk.org/index.php?topic=2262545.0,23
https://bitcointalk.org/index.php?topic=2259212.0,1
https://bitcointalk.org/index.php?topic=2205581.0,19
https://bitcointalk.org/index.php?topic=2254629.0,25
https://bitcointalk.org/index.php?topic=2217020.0,20
https://bitcointalk.org/index.php?topic=2250828.0,2
https://bitcointalk.org/index.php?topic=2250281.0,1
https://bitcointalk.org/index.php?topic=2244000.0,3
https://bitcointalk.org/index.php?topic=2243409.0,8
https://bitcointalk.org/index.php?topic=2237693.0,6
https://bitcointalk.org/index.php?topic=2237748.0,1
https://bitcointalk.org/index.php?topic=2225377.0,5
https://bitcointalk.org/index.php?topic=2218167.0,16
https://bitcointalk.org/index.php?topic=2176556.0,30
https://bitcointalk.org/index.php?topic=2217615.0,7
https://bitcointalk.org/index.php?topic=2097757.0,139
https://bitcointalk.org/index.php?topic=2212843.0,11
https://bitcointalk.org/index.php?topic=1769774.0,87
https://bitcointalk.org/index.php?topic=2194573.0,10
https://bitcointalk.org/index.php?topic=2205444.0,6
https://bitcointalk.org/index.php?topic=2206113.0,1
https://bitcointalk.org/index.php?topic=2202095.0,12
https://bitcointalk.org/index.php?topic=2202632.0,2
https://bitcointalk.org/index.php?topic=2198176.0,2
https://bitcointalk.org/index.php?topic=2073863.0,65
https://bitcointalk.org/index.php?topic=2195081.0,1
https://bitcointalk.org/index.php?topic=2195020.0,1
https://bitcointalk.org/index.php?topic=2191054.0,1
https://bitcointalk.org/index.php?topic=2189932.0,22
https://bitcointalk.org/index.php?topic=2186783.0,7
https://bitcointalk.org/index.php?topic=2186792.0,1
https://bitcointalk.org/index.php?topic=2180911.0,4
https://bitcointalk.org/index.php?topic=2170401.0,10
https://bitcointalk.org/index.php?topic=2178724.0,1
https://bitcointalk.org/index.php?topic=2175355.0,7
https://bitcointalk.org/index.php?topic=2115699.0,10
https://bitcointalk.org/index.php?topic=2176135.0,1
https://bitcointalk.org/index.php?topic=2063482.0,28
https://bitcointalk.org/index.php?topic=2171365.0,11
https://bitcointalk.org/index.php?topic=2170277.0,1
https://bitcointalk.org/index.php?topic=2168780.0,3
https://bitcointalk.org/index.php?topic=2132792.0,4
https://bitcointalk.org/index.php?topic=2110157.0,27
https://bitcointalk.org/index.php?topic=2160764.0,36
https://bitcointalk.org/index.php?topic=2162379.0,19
https://bitcointalk.org/index.php?topic=2161439.0,3
https://bitcointalk.org/index.php?topic=2120171.0,14
https://bitcointalk.org/index.php?topic=2142849.0,74
https://bitcointalk.org/index.php?topic=2138484.0,44
https://bitcointalk.org/index.php?topic=2152987.0,7
https://bitcointalk.org/index.php?topic=2148866.0,4
https://bitcointalk.org/index.php?topic=2131645.0,8
https://bitcointalk.org/index.php?topic=2142214.0,20
https://bitcointalk.org/index.php?topic=2026111.0,29
https://bitcointalk.org/index.php?topic=2138142.0,1
https://bitcointalk.org/index.php?topic=2038229.0,75
https://bitcointalk.org/index.php?topic=2132391.0,7
https://bitcointalk.org/index.php?topic=2114851.0,16
https://bitcointalk.org/index.php?topic=2126442.0,1
https://bitcointalk.org/index.php?topic=1981775.0,55
https://bitcointalk.org/index.php?topic=2116808.0,3
https://bitcointalk.org/index.php?topic=2109982.0,2
https://bitcointalk.org/index.php?topic=2111223.0,9
https://bitcointalk.org/index.php?topic=2100513.0,30
https://bitcointalk.org/index.php?topic=1961590.0,133
https://bitcointalk.org/index.php?topic=2088815.0,48
https://bitcointalk.org/index.php?topic=2099596.0,3
https://bitcointalk.org/index.php?topic=2092496.0,2
https://bitcointalk.org/index.php?topic=2091744.0,10
https://bitcointalk.org/index.php?topic=2086462.0,4
https://bitcointalk.org/index.php?topic=2040408.0,44
https://bitcointalk.org/index.php?topic=2080850.0,4
https://bitcointalk.org/index.php?topic=2080757.0,7
https://bitcointalk.org/index.php?topic=2077503.0,1
https://bitcointalk.org/index.php?topic=2060332.0,21
https://bitcointalk.org/index.php?topic=2073182.0,5
https://bitcointalk.org/index.php?topic=2072955.0,3
https://bitcointalk.org/index.php?topic=2037720.0,12
https://bitcointalk.org/index.php?topic=2068116.0,3
https://bitcointalk.org/index.php?topic=2064458.0,4
https://bitcointalk.org/index.php?topic=2064676.0,1
https://bitcointalk.org/index.php?topic=2060754.0,4
https://bitcointalk.org/index.php?topic=2060722.0,4
https://bitcointalk.org/index.php?topic=2056101.0,17
https://bitcointalk.org/index.php?topic=2058611.0,13
https://bitcointalk.org/index.php?topic=2057380.0,1
https://bitcointalk.org/index.php?topic=2009470.0,50
https://bitcointalk.org/index.php?topic=2055076.0,5
https://bitcointalk.org/index.php?topic=1999072.0,18
https://bitcointalk.org/index.php?topic=2052602.0,16
https://bitcointalk.org/index.php?topic=2053126.0,2
https://bitcointalk.org/index.php?topic=2050324.0,3
https://bitcointalk.org/index.php?topic=2050600.0,5
https://bitcointalk.org/index.php?topic=2047984.0,3
https://bitcointalk.org/index.php?topic=2046003.0,36
https://bitcointalk.org/index.php?topic=2044742.0,7
https://bitcointalk.org/index.php?topic=2014859.0,47
https://bitcointalk.org/index.php?topic=2037526.0,31
https://bitcointalk.org/index.php?topic=2025782.0,8
https://bitcointalk.org/index.php?topic=2037571.0,5
https://bitcointalk.org/index.php?topic=2039131.0,1
https://bitcointalk.org/index.php?topic=2035729.0,4
https://bitcointalk.org/index.php?topic=2030061.0,10
https://bitcointalk.org/index.php?topic=2025432.0,14
https://bitcointalk.org/index.php?topic=2027743.0,4
https://bitcointalk.org/index.php?topic=2024513.0,2
https://bitcointalk.org/index.php?topic=2024220.0,8
https://bitcointalk.org/index.php?topic=2017003.0,34
https://bitcointalk.org/index.php?topic=2018356.0,23
https://bitcointalk.org/index.php?topic=2013962.0,7
https://bitcointalk.org/index.php?topic=2016490.0,6
https://bitcointalk.org/index.php?topic=2012200.0,2
https://bitcointalk.org/index.php?topic=1974394.0,97
https://bitcointalk.org/index.php?topic=1994932.0,53
https://bitcointalk.org/index.php?topic=2007098.0,4
https://bitcointalk.org/index.php?topic=2000066.0,1
https://bitcointalk.org/index.php?topic=1997487.0,53
https://bitcointalk.org/index.php?topic=1994859.0,16
https://bitcointalk.org/index.php?topic=1995165.0,1
https://bitcointalk.org/index.php?topic=1982143.0,93
https://bitcointalk.org/index.php?topic=1916540.0,287
https://bitcointalk.org/index.php?topic=1984835.0,1
https://bitcointalk.org/index.php?topic=1984811.0,3
https://bitcointalk.org/index.php?topic=1980461.0,1
https://bitcointalk.org/index.php?topic=1980329.0,1
https://bitcointalk.org/index.php?topic=1977883.0,2
https://bitcointalk.org/index.php?topic=1977869.0,1
https://bitcointalk.org/index.php?topic=1960855.0,40
https://bitcointalk.org/index.php?topic=1957511.0,34
https://bitcointalk.org/index.php?topic=1968760.0,1
https://bitcointalk.org/index.php?topic=1968513.0,3
https://bitcointalk.org/index.php?topic=1965927.0,9
https://bitcointalk.org/index.php?topic=1965969.0,1
https://bitcointalk.org/index.php?topic=1963007.0,12
https://bitcointalk.org/index.php?topic=1930757.0,11
https://bitcointalk.org/index.php?topic=1959377.0,1
https://bitcointalk.org/index.php?topic=1958992.0,23
https://bitcointalk.org/index.php?topic=1954227.0,38
https://bitcointalk.org/index.php?topic=713885.0,169
https://bitcointalk.org/index.php?topic=1952375.0,1
https://bitcointalk.org/index.php?topic=1921145.0,57
https://bitcointalk.org/index.php?topic=1943035.0,31
https://bitcointalk.org/index.php?topic=1947494.0,6
https://bitcointalk.org/index.php?topic=1944962.0,2
https://bitcointalk.org/index.php?topic=1944648.0,1
https://bitcointalk.org/index.php?topic=1940877.0,16
https://bitcointalk.org/index.php?topic=1941905.0,1
https://bitcointalk.org/index.php?topic=1940447.0,1
https://bitcointalk.org/index.php?topic=1940439.0,1
https://bitcointalk.org/index.php?topic=1938579.0,3
https://bitcointalk.org/index.php?topic=1938333.0,1
https://bitcointalk.org/index.php?topic=1935554.0,1
https://bitcointalk.org/index.php?topic=1935548.0,1
https://bitcointalk.org/index.php?topic=1933528.0,1
https://bitcointalk.org/index.php?topic=1933527.0,1
https://bitcointalk.org/index.php?topic=1930546.0,5
https://bitcointalk.org/index.php?topic=1931970.0,4
https://bitcointalk.org/index.php?topic=1921507.0,172
https://bitcointalk.org/index.php?topic=1928643.0,22
https://bitcointalk.org/index.php?topic=1927810.0,1
https://bitcointalk.org/index.php?topic=1927528.0,9
https://bitcointalk.org/index.php?topic=1925034.0,1
https://bitcointalk.org/index.php?topic=1914624.0,20
https://bitcointalk.org/index.php?topic=1923485.0,6
https://bitcointalk.org/index.php?topic=1921998.0,30
https://bitcointalk.org/index.php?topic=1920935.0,1
https://bitcointalk.org/index.php?topic=1920912.0,1
https://bitcointalk.org/index.php?topic=1918658.0,1
https://bitcointalk.org/index.php?topic=1841420.0,81
https://bitcointalk.org/index.php?topic=1915510.0,1
https://bitcointalk.org/index.php?topic=1915409.0,2
https://bitcointalk.org/index.php?topic=1908610.0,10
https://bitcointalk.org/index.php?topic=1911224.0,7
https://bitcointalk.org/index.php?topic=1904187.0,22
https://bitcointalk.org/index.php?topic=1907272.0,14
https://bitcointalk.org/index.php?topic=1905189.0,13
https://bitcointalk.org/index.php?topic=1905391.0,1
https://bitcointalk.org/index.php?topic=1902713.0,1
https://bitcointalk.org/index.php?topic=1899696.0,14
https://bitcointalk.org/index.php?topic=1858369.0,128
https://bitcointalk.org/index.php?topic=1890869.0,63
https://bitcointalk.org/index.php?topic=1884078.0,29
https://bitcointalk.org/index.php?topic=1766168.0,76
https://bitcointalk.org/index.php?topic=1889373.0,1
https://bitcointalk.org/index.php?topic=1884465.0,65
https://bitcointalk.org/index.php?topic=1886112.0,1
https://bitcointalk.org/index.php?topic=1880479.0,58
https://bitcointalk.org/index.php?topic=1869827.0,46
https://bitcointalk.org/index.php?topic=1882725.0,1
https://bitcointalk.org/index.php?topic=956490.0,21
https://bitcointalk.org/index.php?topic=1878576.0,18
https://bitcointalk.org/index.php?topic=1875141.0,18
https://bitcointalk.org/index.php?topic=1875290.0,1
https://bitcointalk.org/index.php?topic=1872327.0,1
https://bitcointalk.org/index.php?topic=1872276.0,1
https://bitcointalk.org/index.php?topic=1869839.0,1
https://bitcointalk.org/index.php?topic=1864560.0,103
https://bitcointalk.org/index.php?topic=1867384.0,1
https://bitcointalk.org/index.php?topic=1867383.0,1
https://bitcointalk.org/index.php?topic=1864501.0,1
https://bitcointalk.org/index.php?topic=1857968.0,127
https://bitcointalk.org/index.php?topic=1860170.0,22
https://bitcointalk.org/index.php?topic=1858064.0,105
https://bitcointalk.org/index.php?topic=1828040.0,31
https://bitcointalk.org/index.php?topic=1858647.0,1
https://bitcointalk.org/index.php?topic=1856174.0,8
https://bitcointalk.org/index.php?topic=1850970.0,26
https://bitcointalk.org/index.php?topic=1834478.0,26
https://bitcointalk.org/index.php?topic=1854266.0,1
https://bitcointalk.org/index.php?topic=1847592.0,22
https://bitcointalk.org/index.php?topic=1851006.0,1
https://bitcointalk.org/index.php?topic=1848169.0,1
https://bitcointalk.org/index.php?topic=1846799.0,26
https://bitcointalk.org/index.php?topic=1837164.0,38
https://bitcointalk.org/index.php?topic=1845329.0,1
https://bitcointalk.org/index.php?topic=1842956.0,5
https://bitcointalk.org/index.php?topic=1842852.0,1
https://bitcointalk.org/index.php?topic=1841324.0,1
https://bitcointalk.org/index.php?topic=1838659.0,11
https://bitcointalk.org/index.php?topic=1839731.0,8
https://bitcointalk.org/index.php?topic=1835342.0,20
https://bitcointalk.org/index.php?topic=1837389.0,1
https://bitcointalk.org/index.php?topic=1831754.0,34
https://bitcointalk.org/index.php?topic=1834566.0,12
https://bitcointalk.org/index.php?topic=1835791.0,1
https://bitcointalk.org/index.php?topic=1829761.0,58
https://bitcointalk.org/index.php?topic=1488665.0,205
https://bitcointalk.org/index.php?topic=1833094.0,1
https://bitcointalk.org/index.php?topic=1832977.0,2
https://bitcointalk.org/index.php?topic=1830273.0,10
https://bitcointalk.org/index.php?topic=1830579.0,1
https://bitcointalk.org/index.php?topic=1828470.0,1
https://bitcointalk.org/index.php?topic=1820138.0,67
https://bitcointalk.org/index.php?topic=1825051.0,5
https://bitcointalk.org/index.php?topic=1826687.0,1
https://bitcointalk.org/index.php?topic=1822624.0,3
https://bitcointalk.org/index.php?topic=1822636.0,1
https://bitcointalk.org/index.php?topic=1819346.0,13
https://bitcointalk.org/index.php?topic=1819928.0,3
https://bitcointalk.org/index.php?topic=1818060.0,11
https://bitcointalk.org/index.php?topic=1818249.0,1
https://bitcointalk.org/index.php?topic=1781383.0,19
https://bitcointalk.org/index.php?topic=1816160.0,8
https://bitcointalk.org/index.php?topic=1805953.0,85
https://bitcointalk.org/index.php?topic=1813104.0,1
https://bitcointalk.org/index.php?topic=1810985.0,4
https://bitcointalk.org/index.php?topic=1809769.0,23
https://bitcointalk.org/index.php?topic=1801692.0,40
https://bitcointalk.org/index.php?topic=1372149.0,866
https://bitcointalk.org/index.php?topic=1801210.0,27
https://bitcointalk.org/index.php?topic=1805842.0,2
https://bitcointalk.org/index.php?topic=1802219.0,4
https://bitcointalk.org/index.php?topic=1802368.0,1
https://bitcointalk.org/index.php?topic=1795662.0,17
https://bitcointalk.org/index.php?topic=1797935.0,28
https://bitcointalk.org/index.php?topic=1795116.0,5
https://bitcointalk.org/index.php?topic=1759170.0,313
https://bitcointalk.org/index.php?topic=1790748.0,3
https://bitcointalk.org/index.php?topic=1770481.0,65
https://bitcointalk.org/index.php?topic=1781935.0,24
https://bitcointalk.org/index.php?topic=1783035.0,13
https://bitcointalk.org/index.php?topic=1782259.0,1
https://bitcointalk.org/index.php?topic=1778871.0,51
https://bitcointalk.org/index.php?topic=1777163.0,24
https://bitcointalk.org/index.php?topic=1777919.0,17
https://bitcointalk.org/index.php?topic=1775828.0,1
https://bitcointalk.org/index.php?topic=1775791.0,1
https://bitcointalk.org/index.php?topic=1771216.0,2
https://bitcointalk.org/index.php?topic=1772253.0,1
https://bitcointalk.org/index.php?topic=1766414.0,9
https://bitcointalk.org/index.php?topic=1766578.0,12
https://bitcointalk.org/index.php?topic=23.0,9
https://bitcointalk.org/index.php?topic=1746249.0,75
